Manuel Ojeda Aciego,aciego,Manuel Ojeda-Aciego
Ángel Mora Bonilla,amora,Ángel Mora
Carlos Bejines López,cbejines,Carlos Bejines
Domingo López Rodríguez,dominlopez,Domingo López Rodríguez
Emilio Muñoz Velasco,ejmunoz,Emilio Muñoz Velasco
Manuel Enciso García-Oliveros,enciso,Manuel Enciso
Francisco Pérez Gámez,franperezgamez,Francisco Pérez Gámez
Inmaculada de las Peñas Cabrera,ipcabrera,Inma P. Cabrera
Manuel Ojeda Hernández,manuojeda,Manuel Ojeda Hernández
Pablo Cordero Ortega,pcordero,Pablo Cordero
Inmaculada Pérez de Guzmán Molina,ipguzman,Inma P. de Guzmán
